mode,query,query_type,difficulty,latency,ndcg@5,ndcg@10,mrr,recall@5,recall@10,precision@5,precision@10,f1@5,f1@10,relevant_count,result_doc_types
Pure_Vector,paper jam solution,keyword,easy,0.2787604331970215,0.5620437956204379,0.4808291559409294,0.5,1.0,1.25,0.8,0.5,0.888888888888889,0.7142857142857143,5.0,"[""TechDocs"", ""TechDocs"", ""TechDocs"", ""TechDocs"", ""TechDocs"", ""TechDocs"", ""TechDocs"", ""TechDocs"", ""TechDocs"", ""TechDocs""]"
Pure_Vector,how to reset the device,semantic,easy,0.17408204078674316,0.0,0.0379352391274895,0.1111111111111111,0.0,0.3333333333333333,0.0,0.1,0,0.15384615384615383,1.0,"[""TechDocs"", ""TechDocs"", ""TechDocs"", ""TechDocs"", ""TechDocs"", ""TechDocs"", ""TechDocs"", ""TechDocs"", ""TechDocs"", ""Other""]"
Pure_Vector,scan to email,keyword,easy,0.17774748802185059,0.0,0.0,0.0,0.0,0.0,0.0,0.0,0,0,0.0,"[""TechDocs"", ""Game"", ""TechDocs"", ""TechDocs"", ""Other"", ""Game"", ""Game"", ""TechDocs"", ""Other"", ""Game""]"
Pure_Vector,replace toner cartridge,keyword,easy,0.1647930145263672,0.0,0.0,0.0,0.0,0.0,0.0,0.0,0,0,0.0,"[""TechDocs"", ""TechDocs"", ""TechDocs"", ""TechDocs"", ""TechDocs"", ""TechDocs"", ""TechDocs"", ""TechDocs"", ""TechDocs"", ""TechDocs""]"
Pure_Vector,connect printer to wifi network,semantic,medium,0.09998703002929688,0.21897810218978103,0.2621595989703292,0.5,0.3333333333333333,1.0,0.2,0.3,0.25,0.4615384615384615,3.0,"[""TechDocs"", ""TechDocs"", ""TechDocs"", ""TechDocs"", ""TechDocs"", ""TechDocs"", ""TechDocs"", ""TechDocs"", ""TechDocs"", ""TechDocs""]"
Pure_Vector,software update for printer,semantic,medium,0.09049272537231445,0.0,0.0,0.0,0.0,0.0,0.0,0.0,0,0,0.0,"[""TechDocs"", ""TechDocs"", ""TechDocs"", ""TechDocs"", ""TechDocs"", ""TechDocs"", ""TechDocs"", ""TechDocs"", ""TechDocs"", ""TechDocs""]"
Pure_Vector,print from mobile phone,semantic,medium,0.09590315818786621,0.0,0.0,0.0,0.0,0.0,0.0,0.0,0,0,0.0,"[""TechDocs"", ""TechDocs"", ""TechDocs"", ""TechDocs"", ""TechDocs"", ""TechDocs"", ""TechDocs"", ""TechDocs"", ""TechDocs"", ""TechDocs""]"
Pure_Vector,troubleshoot print quality,semantic,hard,0.05622577667236328,0.583941605839416,0.455222869529874,1.0,0.6666666666666666,0.6666666666666666,0.4,0.2,0.5,0.30769230769230765,2.0,"[""TechDocs"", ""TechDocs"", ""TechDocs"", ""TechDocs"", ""TechDocs"", ""TechDocs"", ""TechDocs"", ""TechDocs"", ""TechDocs"", ""TechDocs""]"
Pure_Vector,configure network settings,semantic,hard,0.05867600440979004,0.36496350364963503,0.28451429345617124,0.5,0.6666666666666666,0.6666666666666666,0.4,0.2,0.5,0.30769230769230765,3.0,"[""TechDocs"", ""TechDocs"", ""TechDocs"", ""TechDocs"", ""TechDocs"", ""TechDocs"", ""TechDocs"", ""TechDocs"", ""TechDocs"", ""TechDocs""]"
Pure_Vector,send fax to multiple recipients,semantic,hard,0.053658485412597656,0.8905109489051095,0.7429887549112586,1.0,1.3333333333333333,1.6666666666666667,0.8,0.5,1.0,0.7692307692307692,8.0,"[""TechDocs"", ""TechDocs"", ""TechDocs"", ""TechDocs"", ""TechDocs"", ""TechDocs"", ""TechDocs"", ""TechDocs"", ""TechDocs"", ""TechDocs""]"
Pure_Vector,clean the printhead,semantic,medium,0.05766582489013672,0.0,0.0,0.0,0.0,0.0,0.0,0.0,0,0,0.0,"[""TechDocs"", ""TechDocs"", ""TechDocs"", ""TechDocs"", ""TechDocs"", ""TechDocs"", ""TechDocs"", ""TechDocs"", ""TechDocs"", ""TechDocs""]"
Pure_Vector,factory reset printer,semantic,medium,0.0719301700592041,0.0,0.0,0.0,0.0,0.0,0.0,0.0,0,0,0.0,"[""TechDocs"", ""TechDocs"", ""TechDocs"", ""TechDocs"", ""TechDocs"", ""TechDocs"", ""TechDocs"", ""TechDocs"", ""TechDocs"", ""TechDocs""]"
Pure_Vector,check ink level,keyword,easy,0.06430244445800781,0.43795620437956206,0.34141715214740553,1.0,0.3333333333333333,0.3333333333333333,0.2,0.1,0.25,0.15384615384615383,1.0,"[""TechDocs"", ""TechDocs"", ""TechDocs"", ""TechDocs"", ""TechDocs"", ""TechDocs"", ""TechDocs"", ""TechDocs"", ""TechDocs"", ""TechDocs""]"
Pure_Vector,duplex printing setup,semantic,medium,0.09840059280395508,0.0,0.0,0.0,0.0,0.0,0.0,0.0,0,0,0.0,"[""TechDocs"", ""TechDocs"", ""TechDocs"", ""TechDocs"", ""TechDocs"", ""TechDocs"", ""TechDocs"", ""TechDocs"", ""TechDocs"", ""TechDocs""]"
Pure_Vector,scan document to USB drive,semantic,medium,0.09746384620666504,0.43795620437956206,0.34141715214740553,1.0,0.3333333333333333,0.3333333333333333,0.2,0.1,0.25,0.15384615384615383,1.0,"[""TechDocs"", ""TechDocs"", ""TechDocs"", ""TechDocs"", ""TechDocs"", ""TechDocs"", ""TechDocs"", ""TechDocs"", ""TechDocs"", ""TechDocs""]"
Pure_Vector,maintenance schedule,keyword,medium,0.09987640380859375,0.43795620437956206,0.34141715214740553,1.0,0.3333333333333333,0.3333333333333333,0.2,0.1,0.25,0.15384615384615383,2.0,"[""TechDocs"", ""Financial"", ""TechDocs"", ""TechDocs"", ""Other"", ""TechDocs"", ""Financial"", ""Other"", ""TechDocs"", ""TechDocs""]"
Pure_Vector,energy saving mode,keyword,easy,0.0852968692779541,0.6569343065693432,0.5121257282211082,1.0,0.6666666666666666,0.6666666666666666,0.4,0.2,0.5,0.30769230769230765,3.0,"[""TechDocs"", ""TechDocs"", ""Other"", ""Other"", ""TechDocs"", ""Other"", ""Other"", ""TechDocs"", ""TechDocs"", ""Other""]"
Pure_Vector,change paper size,keyword,easy,0.09459829330444336,0.43795620437956206,0.3901910310256063,1.0,0.3333333333333333,0.6666666666666666,0.2,0.2,0.25,0.30769230769230765,2.0,"[""TechDocs"", ""TechDocs"", ""TechDocs"", ""TechDocs"", ""TechDocs"", ""TechDocs"", ""TechDocs"", ""TechDocs"", ""TechDocs"", ""TechDocs""]"
Pure_Vector,how to install printer driver,semantic,medium,0.11045050621032715,0.0,0.0,0.0,0.0,0.0,0.0,0.0,0,0,0.0,"[""TechDocs"", ""TechDocs"", ""TechDocs"", ""TechDocs"", ""TechDocs"", ""TechDocs"", ""TechDocs"", ""TechDocs"", ""TechDocs"", ""TechDocs""]"
Pure_Vector,wireless connection setup,semantic,medium,0.08441996574401855,0.30656934306569344,0.28166915052160957,0.5,0.6666666666666666,1.0,0.4,0.3,0.5,0.4615384615384615,3.0,"[""TechDocs"", ""TechDocs"", ""TechDocs"", ""TechDocs"", ""TechDocs"", ""TechDocs"", ""TechDocs"", ""TechDocs"", ""TechDocs"", ""TechDocs""]"
Pure_BM25,paper jam solution,keyword,easy,3.0472140312194824,0.5620437956204379,0.48692589080070453,0.5,1.0,1.25,0.8,0.5,0.888888888888889,0.7142857142857143,6.0,"[""TechDocs"", ""TechDocs"", ""TechDocs"", ""TechDocs"", ""TechDocs"", ""TechDocs"", ""TechDocs"", ""TechDocs"", ""TechDocs"", ""TechDocs""]"
Pure_BM25,how to reset the device,semantic,easy,0.09894871711730957,0.145985401459854,0.1138057173824685,0.3333333333333333,0.3333333333333333,0.3333333333333333,0.2,0.1,0.25,0.15384615384615383,1.0,"[""TechDocs"", ""TechDocs"", ""TechDocs"", ""TechDocs"", ""TechDocs"", ""TechDocs"", ""TechDocs"", ""TechDocs"", ""TechDocs"", ""TechDocs""]"
Pure_BM25,scan to email,keyword,easy,0.11426901817321777,0.0,0.0,0.0,0.0,0.0,0.0,0.0,0,0,0.0,"[""TechDocs"", ""TechDocs"", ""TechDocs"", ""TechDocs"", ""TechDocs"", ""TechDocs"", ""TechDocs"", ""Healthcare"", ""Healthcare"", ""TechDocs""]"
Pure_BM25,replace toner cartridge,keyword,easy,0.09998774528503418,0.0,0.0,0.0625,0.0,0.0,0.0,0.0,0,0,1.0,"[""TechDocs"", ""TechDocs"", ""TechDocs"", ""TechDocs"", ""TechDocs"", ""TechDocs"", ""TechDocs"", ""TechDocs"", ""TechDocs"", ""TechDocs""]"
Pure_BM25,connect printer to wifi network,semantic,medium,0.07897686958312988,0.41605839416058393,0.3243462945400352,0.5,1.0,1.0,0.6,0.3,0.7499999999999999,0.4615384615384615,3.0,"[""TechDocs"", ""TechDocs"", ""TechDocs"", ""TechDocs"", ""TechDocs"", ""TechDocs"", ""TechDocs"", ""TechDocs"", ""TechDocs"", ""TechDocs""]"
Pure_BM25,software update for printer,semantic,medium,0.07837343215942383,0.0,0.0,0.0,0.0,0.0,0.0,0.0,0,0,0.0,"[""TechDocs"", ""TechDocs"", ""TechDocs"", ""TechDocs"", ""TechDocs"", ""TechDocs"", ""TechDocs"", ""TechDocs"", ""TechDocs"", ""TechDocs""]"
Pure_BM25,print from mobile phone,semantic,medium,0.12148499488830566,0.0,0.0,0.0,0.0,0.0,0.0,0.0,0,0,0.0,"[""TechDocs"", ""TechDocs"", ""TechDocs"", ""TechDocs"", ""TechDocs"", ""TechDocs"", ""TechDocs"", ""TechDocs"", ""TechDocs"", ""TechDocs""]"
Pure_BM25,troubleshoot print quality,semantic,hard,0.10151267051696777,0.5255474452554745,0.40970058257688663,1.0,0.6666666666666666,0.6666666666666666,0.4,0.2,0.5,0.30769230769230765,2.0,"[""TechDocs"", ""TechDocs"", ""TechDocs"", ""TechDocs"", ""TechDocs"", ""TechDocs"", ""TechDocs"", ""TechDocs"", ""TechDocs"", ""TechDocs""]"
Pure_BM25,configure network settings,semantic,hard,0.09688186645507812,0.0,0.0910445739059748,0.16666666666666666,0.0,0.6666666666666666,0.0,0.2,0,0.30769230769230765,2.0,"[""TechDocs"", ""TechDocs"", ""TechDocs"", ""TechDocs"", ""TechDocs"", ""TechDocs"", ""TechDocs"", ""TechDocs"", ""TechDocs"", ""TechDocs""]"
Pure_BM25,send fax to multiple recipients,semantic,hard,0.0886385440826416,0.6569343065693432,0.5988348462267986,1.0,0.6666666666666666,1.3333333333333333,0.4,0.4,0.5,0.6153846153846153,9.0,"[""TechDocs"", ""TechDocs"", ""TechDocs"", ""TechDocs"", ""TechDocs"", ""TechDocs"", ""TechDocs"", ""TechDocs"", ""TechDocs"", ""TechDocs""]"
Pure_BM25,clean the printhead,semantic,medium,0.08139967918395996,0.0,0.0,0.0,0.0,0.0,0.0,0.0,0,0,0.0,"[""TechDocs"", ""TechDocs"", ""TechDocs"", ""TechDocs"", ""TechDocs"", ""TechDocs"", ""TechDocs"", ""TechDocs"", ""TechDocs"", ""Healthcare""]"
Pure_BM25,factory reset printer,semantic,medium,0.09282231330871582,0.0,0.0,0.0,0.0,0.0,0.0,0.0,0,0,0.0,"[""TechDocs"", ""TechDocs"", ""TechDocs"", ""TechDocs"", ""TechDocs"", ""Game"", ""TechDocs"", ""TechDocs"", ""Game"", ""TechDocs""]"
Pure_BM25,check ink level,keyword,easy,0.08164262771606445,0.43795620437956206,0.34141715214740553,1.0,0.3333333333333333,0.3333333333333333,0.2,0.1,0.25,0.15384615384615383,1.0,"[""TechDocs"", ""TechDocs"", ""TechDocs"", ""TechDocs"", ""TechDocs"", ""TechDocs"", ""TechDocs"", ""TechDocs"", ""TechDocs"", ""TechDocs""]"
Pure_BM25,duplex printing setup,semantic,medium,0.10149741172790527,0.0,0.0,0.0,0.0,0.0,0.0,0.0,0,0,0.0,"[""TechDocs"", ""Academic"", ""TechDocs"", ""TechDocs"", ""TechDocs"", ""TechDocs"", ""TechDocs"", ""TechDocs"", ""TechDocs"", ""TechDocs""]"
Pure_BM25,scan document to USB drive,semantic,medium,0.09952616691589355,0.43795620437956206,0.34141715214740553,1.0,0.3333333333333333,0.3333333333333333,0.2,0.1,0.25,0.15384615384615383,1.0,"[""TechDocs"", ""TechDocs"", ""TechDocs"", ""TechDocs"", ""TechDocs"", ""TechDocs"", ""TechDocs"", ""TechDocs"", ""TechDocs"", ""TechDocs""]"
Pure_BM25,maintenance schedule,keyword,medium,0.0945577621459961,0.43795620437956206,0.34141715214740553,1.0,0.3333333333333333,0.3333333333333333,0.2,0.1,0.25,0.15384615384615383,1.0,"[""TechDocs"", ""Other"", ""Other"", ""TechDocs"", ""TechDocs"", ""TechDocs"", ""Game"", ""TechDocs"", ""TechDocs"", ""Other""]"
Pure_BM25,energy saving mode,keyword,easy,0.1253678798675537,0.21897810218978103,0.17070857607370277,0.5,0.3333333333333333,0.3333333333333333,0.2,0.1,0.25,0.15384615384615383,2.0,"[""TechDocs"", ""TechDocs"", ""TechDocs"", ""TechDocs"", ""TechDocs"", ""TechDocs"", ""Game"", ""TechDocs"", ""TechDocs"", ""TechDocs""]"
Pure_BM25,change paper size,keyword,easy,0.11764264106750488,0.43795620437956206,0.3755588673621461,1.0,0.3333333333333333,0.6666666666666666,0.2,0.2,0.25,0.30769230769230765,3.0,"[""TechDocs"", ""TechDocs"", ""TechDocs"", ""TechDocs"", ""TechDocs"", ""TechDocs"", ""TechDocs"", ""TechDocs"", ""TechDocs"", ""TechDocs""]"
Pure_BM25,how to install printer driver,semantic,medium,0.1074070930480957,0.0,0.0,0.0,0.0,0.0,0.0,0.0,0,0,0.0,"[""TechDocs"", ""TechDocs"", ""TechDocs"", ""TechDocs"", ""TechDocs"", ""TechDocs"", ""TechDocs"", ""TechDocs"", ""TechDocs"", ""TechDocs""]"
Pure_BM25,wireless connection setup,semantic,medium,0.08132576942443848,0.0,0.0,0.07142857142857142,0.0,0.0,0.0,0.0,0,0,1.0,"[""TechDocs"", ""TechDocs"", ""TechDocs"", ""TechDocs"", ""TechDocs"", ""TechDocs"", ""TechDocs"", ""TechDocs"", ""Academic"", ""TechDocs""]"
Hybrid_RRF,paper jam solution,keyword,easy,0.21027588844299316,0.5620437956204379,0.4808291559409294,0.5,1.0,1.25,0.8,0.5,0.888888888888889,0.7142857142857143,6.0,"[""TechDocs"", ""TechDocs"", ""TechDocs"", ""TechDocs"", ""TechDocs"", ""TechDocs"", ""TechDocs"", ""TechDocs"", ""TechDocs"", ""TechDocs""]"
Hybrid_RRF,how to reset the device,semantic,easy,0.21121740341186523,0.0,0.0,0.09090909090909091,0.0,0.0,0.0,0.0,0,0,1.0,"[""TechDocs"", ""TechDocs"", ""TechDocs"", ""TechDocs"", ""TechDocs"", ""TechDocs"", ""TechDocs"", ""TechDocs"", ""TechDocs"", ""TechDocs""]"
Hybrid_RRF,scan to email,keyword,easy,0.15666961669921875,0.0,0.0,0.0,0.0,0.0,0.0,0.0,0,0,0.0,"[""TechDocs"", ""Game"", ""TechDocs"", ""TechDocs"", ""Other"", ""Game"", ""TechDocs"", ""Game"", ""TechDocs"", ""TechDocs""]"
Hybrid_RRF,replace toner cartridge,keyword,easy,0.20212197303771973,0.0,0.0,0.05263157894736842,0.0,0.0,0.0,0.0,0,0,1.0,"[""TechDocs"", ""TechDocs"", ""TechDocs"", ""TechDocs"", ""TechDocs"", ""TechDocs"", ""TechDocs"", ""TechDocs"", ""TechDocs"", ""TechDocs""]"
Hybrid_RRF,connect printer to wifi network,semantic,medium,0.17720985412597656,0.21897810218978103,0.2621595989703292,0.5,0.3333333333333333,1.0,0.2,0.3,0.25,0.4615384615384615,3.0,"[""TechDocs"", ""TechDocs"", ""TechDocs"", ""TechDocs"", ""TechDocs"", ""TechDocs"", ""TechDocs"", ""TechDocs"", ""TechDocs"", ""TechDocs""]"
Hybrid_RRF,software update for printer,semantic,medium,0.13583993911743164,0.0,0.0,0.0,0.0,0.0,0.0,0.0,0,0,0.0,"[""TechDocs"", ""TechDocs"", ""TechDocs"", ""TechDocs"", ""TechDocs"", ""TechDocs"", ""TechDocs"", ""TechDocs"", ""TechDocs"", ""TechDocs""]"
Hybrid_RRF,print from mobile phone,semantic,medium,0.1200716495513916,0.0,0.0,0.0,0.0,0.0,0.0,0.0,0,0,0.0,"[""TechDocs"", ""TechDocs"", ""TechDocs"", ""TechDocs"", ""TechDocs"", ""TechDocs"", ""TechDocs"", ""TechDocs"", ""TechDocs"", ""TechDocs""]"
Hybrid_RRF,troubleshoot print quality,semantic,hard,0.17301177978515625,0.583941605839416,0.455222869529874,1.0,0.6666666666666666,0.6666666666666666,0.4,0.2,0.5,0.30769230769230765,2.0,"[""TechDocs"", ""TechDocs"", ""TechDocs"", ""TechDocs"", ""TechDocs"", ""TechDocs"", ""TechDocs"", ""TechDocs"", ""TechDocs"", ""TechDocs""]"
Hybrid_RRF,configure network settings,semantic,hard,0.12462878227233887,0.36496350364963503,0.28451429345617124,0.5,0.6666666666666666,0.6666666666666666,0.4,0.2,0.5,0.30769230769230765,3.0,"[""TechDocs"", ""TechDocs"", ""TechDocs"", ""TechDocs"", ""TechDocs"", ""TechDocs"", ""TechDocs"", ""TechDocs"", ""TechDocs"", ""TechDocs""]"
Hybrid_RRF,send fax to multiple recipients,semantic,hard,0.2015218734741211,0.8905109489051095,0.7429887549112586,1.0,1.3333333333333333,1.6666666666666667,0.8,0.5,1.0,0.7692307692307692,8.0,"[""TechDocs"", ""TechDocs"", ""TechDocs"", ""TechDocs"", ""TechDocs"", ""TechDocs"", ""TechDocs"", ""TechDocs"", ""TechDocs"", ""TechDocs""]"
Hybrid_RRF,clean the printhead,semantic,medium,0.14275765419006348,0.0,0.0,0.0,0.0,0.0,0.0,0.0,0,0,0.0,"[""TechDocs"", ""TechDocs"", ""TechDocs"", ""TechDocs"", ""TechDocs"", ""TechDocs"", ""TechDocs"", ""TechDocs"", ""TechDocs"", ""TechDocs""]"
Hybrid_RRF,factory reset printer,semantic,medium,0.12369918823242188,0.0,0.0,0.0,0.0,0.0,0.0,0.0,0,0,0.0,"[""TechDocs"", ""TechDocs"", ""TechDocs"", ""TechDocs"", ""TechDocs"", ""TechDocs"", ""Game"", ""TechDocs"", ""TechDocs"", ""TechDocs""]"
Hybrid_RRF,check ink level,keyword,easy,0.13050603866577148,0.43795620437956206,0.34141715214740553,1.0,0.3333333333333333,0.3333333333333333,0.2,0.1,0.25,0.15384615384615383,1.0,"[""TechDocs"", ""TechDocs"", ""TechDocs"", ""TechDocs"", ""TechDocs"", ""TechDocs"", ""TechDocs"", ""TechDocs"", ""TechDocs"", ""TechDocs""]"
Hybrid_RRF,duplex printing setup,semantic,medium,0.11353278160095215,0.0,0.0,0.0,0.0,0.0,0.0,0.0,0,0,0.0,"[""TechDocs"", ""TechDocs"", ""Academic"", ""TechDocs"", ""TechDocs"", ""TechDocs"", ""TechDocs"", ""TechDocs"", ""TechDocs"", ""TechDocs""]"
Hybrid_RRF,scan document to USB drive,semantic,medium,0.16721200942993164,0.43795620437956206,0.34141715214740553,1.0,0.3333333333333333,0.3333333333333333,0.2,0.1,0.25,0.15384615384615383,1.0,"[""TechDocs"", ""TechDocs"", ""TechDocs"", ""TechDocs"", ""TechDocs"", ""TechDocs"", ""TechDocs"", ""TechDocs"", ""TechDocs"", ""TechDocs""]"
Hybrid_RRF,maintenance schedule,keyword,medium,0.16581177711486816,0.43795620437956206,0.34141715214740553,1.0,0.3333333333333333,0.3333333333333333,0.2,0.1,0.25,0.15384615384615383,1.0,"[""TechDocs"", ""Financial"", ""Other"", ""TechDocs"", ""Other"", ""TechDocs"", ""Other"", ""TechDocs"", ""TechDocs"", ""TechDocs""]"
Hybrid_RRF,energy saving mode,keyword,easy,0.13944315910339355,0.583941605839416,0.455222869529874,1.0,0.6666666666666666,0.6666666666666666,0.4,0.2,0.5,0.30769230769230765,2.0,"[""TechDocs"", ""TechDocs"", ""TechDocs"", ""Other"", ""TechDocs"", ""Other"", ""TechDocs"", ""Other"", ""Other"", ""Game""]"
Hybrid_RRF,change paper size,keyword,easy,0.10108041763305664,0.43795620437956206,0.3901910310256063,1.0,0.3333333333333333,0.6666666666666666,0.2,0.2,0.25,0.30769230769230765,3.0,"[""TechDocs"", ""TechDocs"", ""TechDocs"", ""TechDocs"", ""TechDocs"", ""TechDocs"", ""TechDocs"", ""TechDocs"", ""TechDocs"", ""TechDocs""]"
Hybrid_RRF,how to install printer driver,semantic,medium,0.18618226051330566,0.0,0.0,0.0,0.0,0.0,0.0,0.0,0,0,0.0,"[""TechDocs"", ""TechDocs"", ""TechDocs"", ""TechDocs"", ""TechDocs"", ""TechDocs"", ""TechDocs"", ""TechDocs"", ""TechDocs"", ""TechDocs""]"
Hybrid_RRF,wireless connection setup,semantic,medium,0.1322331428527832,0.30656934306569344,0.2769272456306734,0.5,0.6666666666666666,1.0,0.4,0.3,0.5,0.4615384615384615,3.0,"[""TechDocs"", ""TechDocs"", ""TechDocs"", ""TechDocs"", ""TechDocs"", ""TechDocs"", ""TechDocs"", ""TechDocs"", ""TechDocs"", ""TechDocs""]"
Hybrid_CrossEncoder_L6,paper jam solution,keyword,easy,37.26667666435242,0.36496350364963503,0.43286817504403197,0.5,0.5,1.25,0.4,0.5,0.4444444444444445,0.7142857142857143,6.0,"[""TechDocs"", ""TechDocs"", ""TechDocs"", ""TechDocs"", ""TechDocs"", ""TechDocs"", ""TechDocs"", ""TechDocs"", ""TechDocs"", ""TechDocs""]"
Hybrid_CrossEncoder_L6,how to reset the device,semantic,easy,15.98487401008606,0.0,0.04877387887820079,0.14285714285714285,0.0,0.3333333333333333,0.0,0.1,0,0.15384615384615383,1.0,"[""TechDocs"", ""TechDocs"", ""TechDocs"", ""TechDocs"", ""TechDocs"", ""TechDocs"", ""TechDocs"", ""TechDocs"", ""TechDocs"", ""TechDocs""]"
Hybrid_CrossEncoder_L6,scan to email,keyword,easy,15.949317216873169,0.0,0.0,0.0,0.0,0.0,0.0,0.0,0,0,0.0,"[""TechDocs"", ""TechDocs"", ""TechDocs"", ""TechDocs"", ""TechDocs"", ""TechDocs"", ""TechDocs"", ""TechDocs"", ""TechDocs"", ""TechDocs""]"
Hybrid_CrossEncoder_L6,replace toner cartridge,keyword,easy,20.728350400924683,0.0,0.0,0.05555555555555555,0.0,0.0,0.0,0.0,0,0,1.0,"[""TechDocs"", ""TechDocs"", ""TechDocs"", ""TechDocs"", ""TechDocs"", ""TechDocs"", ""TechDocs"", ""TechDocs"", ""TechDocs"", ""TechDocs""]"
Hybrid_CrossEncoder_L6,connect printer to wifi network,semantic,medium,15.128720998764038,0.8029197080291971,0.6259314456035767,1.0,1.0,1.0,0.6,0.3,0.7499999999999999,0.4615384615384615,3.0,"[""TechDocs"", ""TechDocs"", ""TechDocs"", ""TechDocs"", ""TechDocs"", ""TechDocs"", ""TechDocs"", ""TechDocs"", ""TechDocs"", ""TechDocs""]"
Hybrid_CrossEncoder_L6,software update for printer,semantic,medium,19.84970188140869,0.0,0.0,0.0,0.0,0.0,0.0,0.0,0,0,0.0,"[""TechDocs"", ""TechDocs"", ""TechDocs"", ""TechDocs"", ""TechDocs"", ""TechDocs"", ""TechDocs"", ""TechDocs"", ""TechDocs"", ""TechDocs""]"
Hybrid_CrossEncoder_L6,print from mobile phone,semantic,medium,19.94780158996582,0.0,0.0,0.0,0.0,0.0,0.0,0.0,0,0,0.0,"[""TechDocs"", ""TechDocs"", ""TechDocs"", ""TechDocs"", ""TechDocs"", ""TechDocs"", ""TechDocs"", ""TechDocs"", ""TechDocs"", ""TechDocs""]"
Hybrid_CrossEncoder_L6,troubleshoot print quality,semantic,hard,20.911057949066162,0.583941605839416,0.455222869529874,1.0,0.6666666666666666,0.6666666666666666,0.4,0.2,0.5,0.30769230769230765,2.0,"[""TechDocs"", ""TechDocs"", ""TechDocs"", ""TechDocs"", ""TechDocs"", ""TechDocs"", ""TechDocs"", ""TechDocs"", ""TechDocs"", ""TechDocs""]"
Hybrid_CrossEncoder_L6,configure network settings,semantic,hard,17.987070322036743,0.2554744525547445,0.19916000541931986,0.3333333333333333,0.6666666666666666,0.6666666666666666,0.4,0.2,0.5,0.30769230769230765,3.0,"[""TechDocs"", ""TechDocs"", ""TechDocs"", ""TechDocs"", ""TechDocs"", ""TechDocs"", ""TechDocs"", ""TechDocs"", ""TechDocs"", ""TechDocs""]"
Hybrid_CrossEncoder_L6,send fax to multiple recipients,semantic,hard,18.708988666534424,0.6934306569343066,0.6553312559273812,1.0,1.0,2.0,0.6,0.6,0.7499999999999999,0.923076923076923,8.0,"[""TechDocs"", ""TechDocs"", ""TechDocs"", ""TechDocs"", ""TechDocs"", ""TechDocs"", ""TechDocs"", ""TechDocs"", ""TechDocs"", ""TechDocs""]"
Hybrid_CrossEncoder_L6,clean the printhead,semantic,medium,14.46260142326355,0.0,0.0,0.0,0.0,0.0,0.0,0.0,0,0,0.0,"[""TechDocs"", ""TechDocs"", ""TechDocs"", ""TechDocs"", ""TechDocs"", ""TechDocs"", ""TechDocs"", ""TechDocs"", ""TechDocs"", ""TechDocs""]"
Hybrid_CrossEncoder_L6,factory reset printer,semantic,medium,20.509253978729248,0.0,0.0,0.0,0.0,0.0,0.0,0.0,0,0,0.0,"[""TechDocs"", ""TechDocs"", ""TechDocs"", ""TechDocs"", ""TechDocs"", ""TechDocs"", ""TechDocs"", ""TechDocs"", ""TechDocs"", ""TechDocs""]"
Hybrid_CrossEncoder_L6,check ink level,keyword,easy,21.020073890686035,0.43795620437956206,0.34141715214740553,1.0,0.3333333333333333,0.3333333333333333,0.2,0.1,0.25,0.15384615384615383,1.0,"[""TechDocs"", ""TechDocs"", ""TechDocs"", ""TechDocs"", ""TechDocs"", ""TechDocs"", ""TechDocs"", ""TechDocs"", ""TechDocs"", ""TechDocs""]"
Hybrid_CrossEncoder_L6,duplex printing setup,semantic,medium,21.420799255371094,0.0,0.0,0.0,0.0,0.0,0.0,0.0,0,0,0.0,"[""TechDocs"", ""TechDocs"", ""TechDocs"", ""TechDocs"", ""TechDocs"", ""TechDocs"", ""TechDocs"", ""TechDocs"", ""TechDocs"", ""TechDocs""]"
Hybrid_CrossEncoder_L6,scan document to USB drive,semantic,medium,26.079843997955322,0.43795620437956206,0.34141715214740553,1.0,0.3333333333333333,0.3333333333333333,0.2,0.1,0.25,0.15384615384615383,2.0,"[""TechDocs"", ""TechDocs"", ""TechDocs"", ""TechDocs"", ""TechDocs"", ""TechDocs"", ""TechDocs"", ""TechDocs"", ""TechDocs"", ""TechDocs""]"
Hybrid_CrossEncoder_L6,maintenance schedule,keyword,medium,25.836117029190063,0.10948905109489052,0.08535428803685138,0.25,0.3333333333333333,0.3333333333333333,0.2,0.1,0.25,0.15384615384615383,2.0,"[""Other"", ""Other"", ""Other"", ""TechDocs"", ""Other"", ""Other"", ""Other"", ""Other"", ""Healthcare"", ""Game""]"
Hybrid_CrossEncoder_L6,energy saving mode,keyword,easy,29.31167721748352,0.36496350364963503,0.28451429345617124,0.5,0.6666666666666666,0.6666666666666666,0.4,0.2,0.5,0.30769230769230765,5.0,"[""TechDocs"", ""TechDocs"", ""TechDocs"", ""TechDocs"", ""Other"", ""Other"", ""TechDocs"", ""Game"", ""Other"", ""TechDocs""]"
Hybrid_CrossEncoder_L6,change paper size,keyword,easy,15.490847826004028,0.5255474452554745,0.40970058257688663,1.0,0.6666666666666666,0.6666666666666666,0.4,0.2,0.5,0.30769230769230765,3.0,"[""TechDocs"", ""TechDocs"", ""TechDocs"", ""TechDocs"", ""TechDocs"", ""TechDocs"", ""TechDocs"", ""TechDocs"", ""TechDocs"", ""TechDocs""]"
Hybrid_CrossEncoder_L6,how to install printer driver,semantic,medium,21.55113410949707,0.0,0.0,0.0,0.0,0.0,0.0,0.0,0,0,0.0,"[""TechDocs"", ""TechDocs"", ""TechDocs"", ""TechDocs"", ""TechDocs"", ""TechDocs"", ""TechDocs"", ""TechDocs"", ""TechDocs"", ""TechDocs""]"
Hybrid_CrossEncoder_L6,wireless connection setup,semantic,medium,24.893940687179565,0.43795620437956206,0.34141715214740553,1.0,0.3333333333333333,0.3333333333333333,0.2,0.1,0.25,0.15384615384615383,3.0,"[""TechDocs"", ""TechDocs"", ""TechDocs"", ""TechDocs"", ""TechDocs"", ""TechDocs"", ""TechDocs"", ""TechDocs"", ""TechDocs"", ""TechDocs""]"
Hybrid_CrossEncoder_L12,paper jam solution,keyword,easy,50.171162366867065,0.8905109489051095,0.7511177347242922,1.0,1.0,1.25,0.8,0.5,0.888888888888889,0.7142857142857143,6.0,"[""TechDocs"", ""TechDocs"", ""TechDocs"", ""TechDocs"", ""TechDocs"", ""TechDocs"", ""TechDocs"", ""TechDocs"", ""TechDocs"", ""TechDocs""]"
Hybrid_CrossEncoder_L12,how to reset the device,semantic,easy,40.60316491127014,0.0,0.0379352391274895,0.1111111111111111,0.0,0.3333333333333333,0.0,0.1,0,0.15384615384615383,1.0,"[""TechDocs"", ""TechDocs"", ""TechDocs"", ""TechDocs"", ""TechDocs"", ""TechDocs"", ""TechDocs"", ""TechDocs"", ""TechDocs"", ""TechDocs""]"
Hybrid_CrossEncoder_L12,scan to email,keyword,easy,34.720290660858154,0.0,0.0,0.0,0.0,0.0,0.0,0.0,0,0,0.0,"[""TechDocs"", ""TechDocs"", ""TechDocs"", ""TechDocs"", ""TechDocs"", ""TechDocs"", ""TechDocs"", ""TechDocs"", ""TechDocs"", ""TechDocs""]"
Hybrid_CrossEncoder_L12,replace toner cartridge,keyword,easy,37.41669011116028,0.0,0.0,0.05555555555555555,0.0,0.0,0.0,0.0,0,0,1.0,"[""TechDocs"", ""TechDocs"", ""TechDocs"", ""TechDocs"", ""TechDocs"", ""TechDocs"", ""TechDocs"", ""TechDocs"", ""TechDocs"", ""TechDocs""]"
Hybrid_CrossEncoder_L12,connect printer to wifi network,semantic,medium,37.49938774108887,0.6569343065693432,0.5690285869123426,1.0,0.6666666666666666,1.0,0.4,0.3,0.5,0.4615384615384615,3.0,"[""TechDocs"", ""TechDocs"", ""TechDocs"", ""TechDocs"", ""TechDocs"", ""TechDocs"", ""TechDocs"", ""TechDocs"", ""TechDocs"", ""TechDocs""]"
Hybrid_CrossEncoder_L12,software update for printer,semantic,medium,36.463804721832275,0.0,0.0,0.0,0.0,0.0,0.0,0.0,0,0,0.0,"[""TechDocs"", ""TechDocs"", ""TechDocs"", ""TechDocs"", ""TechDocs"", ""TechDocs"", ""TechDocs"", ""TechDocs"", ""TechDocs"", ""TechDocs""]"
Hybrid_CrossEncoder_L12,print from mobile phone,semantic,medium,43.66271734237671,0.0,0.0,0.0,0.0,0.0,0.0,0.0,0,0,0.0,"[""TechDocs"", ""TechDocs"", ""TechDocs"", ""TechDocs"", ""TechDocs"", ""TechDocs"", ""TechDocs"", ""TechDocs"", ""TechDocs"", ""TechDocs""]"
Hybrid_CrossEncoder_L12,troubleshoot print quality,semantic,hard,30.592114686965942,0.5474452554744526,0.4267714401842569,1.0,0.6666666666666666,0.6666666666666666,0.4,0.2,0.5,0.30769230769230765,2.0,"[""TechDocs"", ""TechDocs"", ""TechDocs"", ""TechDocs"", ""TechDocs"", ""TechDocs"", ""TechDocs"", ""TechDocs"", ""TechDocs"", ""TechDocs""]"
Hybrid_CrossEncoder_L12,configure network settings,semantic,hard,47.72780728340149,0.08759124087591241,0.1109605744479068,0.2,0.3333333333333333,0.6666666666666666,0.2,0.2,0.25,0.30769230769230765,3.0,"[""TechDocs"", ""TechDocs"", ""TechDocs"", ""TechDocs"", ""TechDocs"", ""TechDocs"", ""TechDocs"", ""TechDocs"", ""TechDocs"", ""TechDocs""]"
Hybrid_CrossEncoder_L12,send fax to multiple recipients,semantic,hard,35.26241207122803,0.6715328467153284,0.5955832543015852,1.0,1.0,1.6666666666666667,0.6,0.5,0.7499999999999999,0.7692307692307692,8.0,"[""TechDocs"", ""TechDocs"", ""TechDocs"", ""TechDocs"", ""TechDocs"", ""TechDocs"", ""TechDocs"", ""TechDocs"", ""TechDocs"", ""TechDocs""]"
Hybrid_CrossEncoder_L12,clean the printhead,semantic,medium,44.28624677658081,0.0,0.0,0.0,0.0,0.0,0.0,0.0,0,0,0.0,"[""TechDocs"", ""TechDocs"", ""TechDocs"", ""TechDocs"", ""TechDocs"", ""TechDocs"", ""TechDocs"", ""TechDocs"", ""TechDocs"", ""TechDocs""]"
Hybrid_CrossEncoder_L12,factory reset printer,semantic,medium,38.69699835777283,0.0,0.0,0.0,0.0,0.0,0.0,0.0,0,0,0.0,"[""TechDocs"", ""TechDocs"", ""TechDocs"", ""TechDocs"", ""TechDocs"", ""TechDocs"", ""TechDocs"", ""TechDocs"", ""TechDocs"", ""TechDocs""]"
Hybrid_CrossEncoder_L12,check ink level,keyword,easy,38.21086573600769,0.43795620437956206,0.34141715214740553,1.0,0.3333333333333333,0.3333333333333333,0.2,0.1,0.25,0.15384615384615383,1.0,"[""TechDocs"", ""TechDocs"", ""TechDocs"", ""TechDocs"", ""TechDocs"", ""TechDocs"", ""TechDocs"", ""Game"", ""TechDocs"", ""TechDocs""]"
Hybrid_CrossEncoder_L12,duplex printing setup,semantic,medium,42.035682678222656,0.0,0.0,0.0,0.0,0.0,0.0,0.0,0,0,0.0,"[""TechDocs"", ""TechDocs"", ""TechDocs"", ""TechDocs"", ""TechDocs"", ""TechDocs"", ""TechDocs"", ""TechDocs"", ""TechDocs"", ""TechDocs""]"
Hybrid_CrossEncoder_L12,scan document to USB drive,semantic,medium,39.43682599067688,0.43795620437956206,0.34141715214740553,1.0,0.3333333333333333,0.3333333333333333,0.2,0.1,0.25,0.15384615384615383,2.0,"[""TechDocs"", ""TechDocs"", ""TechDocs"", ""TechDocs"", ""TechDocs"", ""TechDocs"", ""TechDocs"", ""TechDocs"", ""TechDocs"", ""TechDocs""]"
Hybrid_CrossEncoder_L12,maintenance schedule,keyword,medium,55.39516639709473,0.0,0.04267714401842569,0.125,0.0,0.3333333333333333,0.0,0.1,0,0.15384615384615383,2.0,"[""TechDocs"", ""TechDocs"", ""Game"", ""Other"", ""Other"", ""Other"", ""Other"", ""TechDocs"", ""Other"", ""Other""]"
Hybrid_CrossEncoder_L12,energy saving mode,keyword,easy,53.06030464172363,0.5255474452554745,0.40970058257688663,1.0,0.6666666666666666,0.6666666666666666,0.4,0.2,0.5,0.30769230769230765,5.0,"[""TechDocs"", ""Game"", ""TechDocs"", ""TechDocs"", ""TechDocs"", ""Other"", ""Game"", ""TechDocs"", ""TechDocs"", ""Other""]"
Hybrid_CrossEncoder_L12,change paper size,keyword,easy,34.00702929496765,0.5255474452554745,0.40970058257688663,1.0,0.6666666666666666,0.6666666666666666,0.4,0.2,0.5,0.30769230769230765,3.0,"[""TechDocs"", ""TechDocs"", ""TechDocs"", ""TechDocs"", ""TechDocs"", ""TechDocs"", ""TechDocs"", ""TechDocs"", ""TechDocs"", ""TechDocs""]"
Hybrid_CrossEncoder_L12,how to install printer driver,semantic,medium,35.05672883987427,0.0,0.0,0.0,0.0,0.0,0.0,0.0,0,0,0.0,"[""TechDocs"", ""TechDocs"", ""TechDocs"", ""TechDocs"", ""TechDocs"", ""TechDocs"", ""TechDocs"", ""TechDocs"", ""TechDocs"", ""TechDocs""]"
Hybrid_CrossEncoder_L12,wireless connection setup,semantic,medium,39.555317640304565,0.43795620437956206,0.34141715214740553,1.0,0.3333333333333333,0.3333333333333333,0.2,0.1,0.25,0.15384615384615383,4.0,"[""TechDocs"", ""TechDocs"", ""TechDocs"", ""TechDocs"", ""TechDocs"", ""TechDocs"", ""TechDocs"", ""TechDocs"", ""TechDocs"", ""TechDocs""]"
