mode,query,query_type,difficulty,latency,ndcg@5,ndcg@10,mrr,recall@5,recall@10,precision@5,precision@10,f1@5,f1@10,result_doc_types
Pure_Vector,how to reset the device,semantic,easy,0.4806861877441406,0.0,0.0,0.0,0.0,0.0,0.0,0.0,0.0,0.0,"['Unknown', 'Unknown', 'Unknown', 'Unknown', 'Unknown']"
Pure_Vector,scan to email,keyword,easy,0.14303803443908691,0.0,0.0,0.0,0.0,0.0,0.0,0.0,0.0,0.0,"['Unknown', 'Unknown', 'Unknown', 'Unknown', 'Unknown']"
Pure_Vector,print from mobile phone,semantic,medium,0.030237436294555664,0.0,0.0,0.0,0.0,0.0,0.0,0.0,0.0,0.0,"['Unknown', 'Unknown', 'Unknown', 'Unknown', 'Unknown']"
Pure_Vector,connect printer to wifi network,semantic,medium,0.025327205657958984,0.0,0.0,0.0,0.0,0.0,0.0,0.0,0.0,0.0,"['Unknown', 'Unknown', 'Unknown', 'Unknown', 'Unknown']"
Pure_Vector,replace toner cartridge,keyword,easy,0.026208877563476562,0.0,0.0,0.0,0.0,0.0,0.0,0.0,0.0,0.0,"['Unknown', 'Unknown', 'Unknown', 'Unknown', 'Unknown']"
Pure_Vector,clean the printhead,semantic,medium,0.024367570877075195,0.0,0.0,0.0,0.0,0.0,0.0,0.0,0.0,0.0,"['Unknown', 'Unknown', 'Unknown', 'Unknown', 'Unknown']"
Pure_Vector,paper jam solution,keyword,easy,0.021064281463623047,0.0,0.0,0.0,0.0,0.0,0.0,0.0,0.0,0.0,"['Unknown', 'Unknown', 'Unknown', 'Unknown', 'Unknown']"
Pure_Vector,send fax to multiple recipients,semantic,hard,0.023349523544311523,0.0,0.0,0.0,0.0,0.0,0.0,0.0,0.0,0.0,"['Unknown', 'Unknown', 'Unknown', 'Unknown', 'Unknown']"
Pure_Vector,factory reset printer,semantic,medium,0.021264314651489258,0.0,0.0,0.0,0.0,0.0,0.0,0.0,0.0,0.0,"['Unknown', 'Unknown', 'Unknown', 'Unknown', 'Unknown']"
Pure_Vector,software update for printer,semantic,medium,0.03296017646789551,0.0,0.0,0.0,0.0,0.0,0.0,0.0,0.0,0.0,"['Unknown', 'Unknown', 'Unknown', 'Unknown', 'Unknown']"
Pure_Vector,configure network settings,semantic,hard,0.029192447662353516,0.0,0.0,0.0,0.0,0.0,0.0,0.0,0.0,0.0,"['Unknown', 'Unknown', 'Unknown', 'Unknown', 'Unknown']"
Pure_Vector,check ink level,keyword,easy,0.021526813507080078,0.0,0.0,0.0,0.0,0.0,0.0,0.0,0.0,0.0,"['Unknown', 'Unknown', 'Unknown', 'Unknown', 'Unknown']"
Pure_Vector,duplex printing setup,semantic,medium,0.024196147918701172,0.0,0.0,0.0,0.0,0.0,0.0,0.0,0.0,0.0,"['Unknown', 'Unknown', 'Unknown', 'Unknown', 'Unknown']"
Pure_Vector,scan document to USB drive,semantic,medium,0.023171186447143555,0.0,0.0,0.0,0.0,0.0,0.0,0.0,0.0,0.0,"['Unknown', 'Unknown', 'Unknown', 'Unknown', 'Unknown']"
Pure_Vector,setup email notification,semantic,hard,0.019521713256835938,0.0,0.0,0.0,0.0,0.0,0.0,0.0,0.0,0.0,"['Unknown', 'Unknown', 'Unknown', 'Unknown', 'Unknown']"
Pure_Vector,how to install printer driver,semantic,medium,0.02067279815673828,0.0,0.0,0.0,0.0,0.0,0.0,0.0,0.0,0.0,"['Unknown', 'Unknown', 'Unknown', 'Unknown', 'Unknown']"
Pure_Vector,wireless connection setup,semantic,medium,0.014764785766601562,0.0,0.0,0.0,0.0,0.0,0.0,0.0,0.0,0.0,"['Unknown', 'Unknown', 'Unknown', 'Unknown', 'Unknown']"
Pure_Vector,maintenance schedule,keyword,medium,0.015390157699584961,0.0,0.0,0.0,0.0,0.0,0.0,0.0,0.0,0.0,"['Unknown', 'Unknown', 'Unknown', 'Unknown', 'Unknown']"
Pure_Vector,troubleshoot print quality,semantic,hard,0.013660907745361328,0.0,0.0,0.0,0.0,0.0,0.0,0.0,0.0,0.0,"['Unknown', 'Unknown', 'Unknown', 'Unknown', 'Unknown']"
Pure_Vector,energy saving mode,keyword,easy,0.01708698272705078,0.0,0.0,0.0,0.0,0.0,0.0,0.0,0.0,0.0,"['Unknown', 'Unknown', 'Unknown', 'Unknown', 'Unknown']"
Pure_Vector,how to scan multiple pages,semantic,medium,0.02207326889038086,0.0,0.0,0.0,0.0,0.0,0.0,0.0,0.0,0.0,"['Unknown', 'Unknown', 'Unknown', 'Unknown', 'Unknown']"
Pure_Vector,change paper size,keyword,easy,0.020556926727294922,0.0,0.0,0.0,0.0,0.0,0.0,0.0,0.0,0.0,"['Unknown', 'Unknown', 'Unknown', 'Unknown', 'Unknown']"
Pure_Vector,set up scan to network folder,semantic,hard,0.02275395393371582,0.0,0.0,0.0,0.0,0.0,0.0,0.0,0.0,0.0,"['Unknown', 'Unknown', 'Unknown', 'Unknown', 'Unknown']"
Pure_Vector,firmware upgrade instructions,semantic,medium,0.021358489990234375,0.0,0.0,0.0,0.0,0.0,0.0,0.0,0.0,0.0,"['Unknown', 'Unknown', 'Unknown', 'Unknown', 'Unknown']"
Pure_Vector,default settings,keyword,easy,0.022109508514404297,0.0,0.0,0.0,0.0,0.0,0.0,0.0,0.0,0.0,"['Unknown', 'Unknown', 'Unknown', 'Unknown', 'Unknown']"
Pure_Vector,how to use automatic document feeder,semantic,medium,0.02135920524597168,0.0,0.0,0.0,0.0,0.0,0.0,0.0,0.0,0.0,"['Unknown', 'Unknown', 'Unknown', 'Unknown', 'Unknown']"
Pure_Vector,adjust print density,semantic,medium,0.019853591918945312,0.0,0.0,0.0,0.0,0.0,0.0,0.0,0.0,0.0,"['Unknown', 'Unknown', 'Unknown', 'Unknown', 'Unknown']"
Pure_Vector,cancel print job,keyword,easy,0.013463258743286133,0.0,0.0,0.0,0.0,0.0,0.0,0.0,0.0,0.0,"['Unknown', 'Unknown', 'Unknown', 'Unknown', 'Unknown']"
Pure_Vector,network troubleshooting guide,semantic,hard,0.013351917266845703,0.0,0.0,0.0,0.0,0.0,0.0,0.0,0.0,0.0,"['Unknown', 'Unknown', 'Unknown', 'Unknown', 'Unknown']"
Pure_Vector,recommended paper types,keyword,easy,0.013915777206420898,0.0,0.0,0.0,0.0,0.0,0.0,0.0,0.0,0.0,"['Unknown', 'Unknown', 'Unknown', 'Unknown', 'Unknown']"
Pure_BM25,how to reset the device,semantic,easy,0.09813547134399414,0.0,0.0,0.0,0.0,0.0,0.0,0.0,0.0,0.0,"['Unknown', 'Unknown', 'Unknown', 'Unknown', 'Unknown']"
Pure_BM25,scan to email,keyword,easy,0.005257606506347656,0.0,0.0,0.0,0.0,0.0,0.0,0.0,0.0,0.0,"['Unknown', 'Unknown', 'Unknown', 'Unknown', 'Unknown']"
Pure_BM25,print from mobile phone,semantic,medium,0.005209445953369141,0.0,0.0,0.0,0.0,0.0,0.0,0.0,0.0,0.0,"['Unknown', 'Unknown', 'Unknown', 'Unknown', 'Unknown']"
Pure_BM25,connect printer to wifi network,semantic,medium,0.005591392517089844,0.0,0.0,0.0,0.0,0.0,0.0,0.0,0.0,0.0,"['Unknown', 'Unknown', 'Unknown', 'Unknown', 'Unknown']"
Pure_BM25,replace toner cartridge,keyword,easy,0.0037822723388671875,0.0,0.0,0.0,0.0,0.0,0.0,0.0,0.0,0.0,"['Unknown', 'Unknown', 'Unknown', 'Unknown', 'Unknown']"
Pure_BM25,clean the printhead,semantic,medium,0.003987550735473633,0.0,0.0,0.0,0.0,0.0,0.0,0.0,0.0,0.0,"['Unknown', 'Unknown', 'Unknown', 'Unknown', 'Unknown']"
Pure_BM25,paper jam solution,keyword,easy,0.005600929260253906,0.0,0.0,0.0,0.0,0.0,0.0,0.0,0.0,0.0,"['Unknown', 'Unknown', 'Unknown', 'Unknown', 'Unknown']"
Pure_BM25,send fax to multiple recipients,semantic,hard,0.0059282779693603516,0.0,0.0,0.0,0.0,0.0,0.0,0.0,0.0,0.0,"['Unknown', 'Unknown', 'Unknown', 'Unknown', 'Unknown']"
Pure_BM25,factory reset printer,semantic,medium,0.003979921340942383,0.0,0.0,0.0,0.0,0.0,0.0,0.0,0.0,0.0,"['Unknown', 'Unknown', 'Unknown', 'Unknown', 'Unknown']"
Pure_BM25,software update for printer,semantic,medium,0.003926753997802734,0.0,0.0,0.0,0.0,0.0,0.0,0.0,0.0,0.0,"['Unknown', 'Unknown', 'Unknown', 'Unknown', 'Unknown']"
Pure_BM25,configure network settings,semantic,hard,0.0037038326263427734,0.0,0.0,0.0,0.0,0.0,0.0,0.0,0.0,0.0,"['Unknown', 'Unknown', 'Unknown', 'Unknown', 'Unknown']"
Pure_BM25,check ink level,keyword,easy,0.003962039947509766,0.0,0.0,0.0,0.0,0.0,0.0,0.0,0.0,0.0,"['Unknown', 'Unknown', 'Unknown', 'Unknown', 'Unknown']"
Pure_BM25,duplex printing setup,semantic,medium,0.0038161277770996094,0.0,0.0,0.0,0.0,0.0,0.0,0.0,0.0,0.0,"['Unknown', 'Unknown', 'Unknown', 'Unknown', 'Unknown']"
Pure_BM25,scan document to USB drive,semantic,medium,0.004313945770263672,0.0,0.0,0.0,0.0,0.0,0.0,0.0,0.0,0.0,"['Unknown', 'Unknown', 'Unknown', 'Unknown', 'Unknown']"
Pure_BM25,setup email notification,semantic,hard,0.0036945343017578125,0.0,0.0,0.0,0.0,0.0,0.0,0.0,0.0,0.0,"['Unknown', 'Unknown', 'Unknown', 'Unknown', 'Unknown']"
Pure_BM25,how to install printer driver,semantic,medium,0.003809690475463867,0.0,0.0,0.0,0.0,0.0,0.0,0.0,0.0,0.0,"['Unknown', 'Unknown', 'Unknown', 'Unknown', 'Unknown']"
Pure_BM25,wireless connection setup,semantic,medium,0.003475666046142578,0.0,0.0,0.0,0.0,0.0,0.0,0.0,0.0,0.0,"['Unknown', 'Unknown', 'Unknown', 'Unknown', 'Unknown']"
Pure_BM25,maintenance schedule,keyword,medium,0.0031795501708984375,0.0,0.0,0.0,0.0,0.0,0.0,0.0,0.0,0.0,"['Unknown', 'Unknown', 'Unknown', 'Unknown', 'Unknown']"
Pure_BM25,troubleshoot print quality,semantic,hard,0.003425121307373047,0.0,0.0,0.0,0.0,0.0,0.0,0.0,0.0,0.0,"['Unknown', 'Unknown', 'Unknown', 'Unknown', 'Unknown']"
Pure_BM25,energy saving mode,keyword,easy,0.004084348678588867,0.0,0.0,0.0,0.0,0.0,0.0,0.0,0.0,0.0,"['Unknown', 'Unknown', 'Unknown', 'Unknown', 'Unknown']"
Pure_BM25,how to scan multiple pages,semantic,medium,0.004134654998779297,0.0,0.0,0.0,0.0,0.0,0.0,0.0,0.0,0.0,"['Unknown', 'Unknown', 'Unknown', 'Unknown', 'Unknown']"
Pure_BM25,change paper size,keyword,easy,0.0042531490325927734,0.0,0.0,0.0,0.0,0.0,0.0,0.0,0.0,0.0,"['Unknown', 'Unknown', 'Unknown', 'Unknown', 'Unknown']"
Pure_BM25,set up scan to network folder,semantic,hard,0.004250049591064453,0.0,0.0,0.0,0.0,0.0,0.0,0.0,0.0,0.0,"['Unknown', 'Unknown', 'Unknown', 'Unknown', 'Unknown']"
Pure_BM25,firmware upgrade instructions,semantic,medium,0.0037004947662353516,0.0,0.0,0.0,0.0,0.0,0.0,0.0,0.0,0.0,"['Unknown', 'Unknown', 'Unknown', 'Unknown', 'Unknown']"
Pure_BM25,default settings,keyword,easy,0.0032351016998291016,0.0,0.0,0.0,0.0,0.0,0.0,0.0,0.0,0.0,"['Unknown', 'Unknown', 'Unknown', 'Unknown', 'Unknown']"
Pure_BM25,how to use automatic document feeder,semantic,medium,0.004336833953857422,0.0,0.0,0.0,0.0,0.0,0.0,0.0,0.0,0.0,"['Unknown', 'Unknown', 'Unknown', 'Unknown', 'Unknown']"
Pure_BM25,adjust print density,semantic,medium,0.002712249755859375,0.0,0.0,0.0,0.0,0.0,0.0,0.0,0.0,0.0,"['Unknown', 'Unknown', 'Unknown', 'Unknown', 'Unknown']"
Pure_BM25,cancel print job,keyword,easy,0.003242969512939453,0.0,0.0,0.0,0.0,0.0,0.0,0.0,0.0,0.0,"['Unknown', 'Unknown', 'Unknown', 'Unknown', 'Unknown']"
Pure_BM25,network troubleshooting guide,semantic,hard,0.0028374195098876953,0.0,0.0,0.0,0.0,0.0,0.0,0.0,0.0,0.0,"['Unknown', 'Unknown', 'Unknown', 'Unknown', 'Unknown']"
Pure_BM25,recommended paper types,keyword,easy,0.0028007030487060547,0.0,0.0,0.0,0.0,0.0,0.0,0.0,0.0,0.0,"['Unknown', 'Unknown', 'Unknown', 'Unknown', 'Unknown']"
Hybrid_RRF,how to reset the device,semantic,easy,0.026144742965698242,0.0,0.0,0.0,0.0,0.0,0.0,0.0,0.0,0.0,"['Unknown', 'Unknown', 'Unknown', 'Unknown', 'Unknown']"
Hybrid_RRF,scan to email,keyword,easy,0.02906060218811035,0.0,0.0,0.0,0.0,0.0,0.0,0.0,0.0,0.0,"['Unknown', 'Unknown', 'Unknown', 'Unknown', 'Unknown']"
Hybrid_RRF,print from mobile phone,semantic,medium,0.02455449104309082,0.6992148198508501,0.8062079522181139,1.0,0.6,0.8,0.6,0.4,0.6,0.5333333333333333,"['Unknown', 'Unknown', 'Unknown', 'Unknown', 'Unknown']"
Hybrid_RRF,connect printer to wifi network,semantic,medium,0.03647637367248535,0.36005461457723403,0.5691451420674095,0.5,0.4,0.8,0.4,0.4,0.4000000000000001,0.5333333333333333,"['Unknown', 'Unknown', 'Unknown', 'Unknown', 'Unknown']"
Hybrid_RRF,replace toner cartridge,keyword,easy,0.0403742790222168,0.21398626473452756,0.32703966649239957,0.5,0.2,0.4,0.2,0.2,0.20000000000000004,0.26666666666666666,"['Unknown', 'Unknown', 'Unknown', 'Unknown', 'Unknown']"
Hybrid_RRF,clean the printhead,semantic,medium,0.03834867477416992,0.36005461457723403,0.4621520097001457,0.5,0.4,0.6,0.4,0.3,0.4000000000000001,0.4,"['Unknown', 'Unknown', 'Unknown', 'Unknown', 'Unknown']"
Hybrid_RRF,paper jam solution,keyword,easy,0.03842592239379883,0.8539316501572937,0.8539316501572937,1.0,0.8,0.8,0.8,0.4,0.8000000000000002,0.5333333333333333,"['Unknown', 'Unknown', 'Unknown', 'Unknown', 'Unknown']"
Hybrid_RRF,send fax to multiple recipients,semantic,hard,0.034639835357666016,0.8539316501572937,0.8539316501572937,1.0,0.8,0.8,0.8,0.4,0.8000000000000002,0.5333333333333333,"['Unknown', 'Unknown', 'Unknown', 'Unknown', 'Unknown']"
Hybrid_RRF,factory reset printer,semantic,medium,0.025310277938842773,0.13120507751234178,0.13120507751234178,0.2,0.2,0.2,0.2,0.1,0.20000000000000004,0.13333333333333333,"['Unknown', 'Unknown', 'Unknown', 'Unknown', 'Unknown']"
Hybrid_RRF,software update for printer,semantic,medium,0.03183245658874512,0.5531464700081437,0.6739577727076379,1.0,0.4,0.6,0.4,0.3,0.4000000000000001,0.4,"['Unknown', 'Unknown', 'Unknown', 'Unknown', 'Unknown']"
Hybrid_RRF,configure network settings,semantic,hard,0.03795933723449707,0.34519134224686937,0.5603421391276531,0.5,0.4,0.8,0.4,0.4,0.4000000000000001,0.5333333333333333,"['Unknown', 'Unknown', 'Unknown', 'Unknown', 'Unknown']"
Hybrid_RRF,check ink level,keyword,easy,0.0381312370300293,0.48522855511632257,0.48522855511632257,1.0,0.4,0.4,0.4,0.2,0.4000000000000001,0.26666666666666666,"['Unknown', 'Unknown', 'Unknown', 'Unknown', 'Unknown']"
Hybrid_RRF,duplex printing setup,semantic,medium,0.04066658020019531,0.0,0.11305340175787204,0.14285714285714285,0.0,0.2,0.0,0.1,0.0,0.13333333333333333,"['Unknown', 'Unknown', 'Unknown', 'Unknown', 'Unknown']"
Hybrid_RRF,scan document to USB drive,semantic,medium,0.04119157791137695,0.3391602052736161,0.4371994911049732,1.0,0.2,0.4,0.2,0.2,0.20000000000000004,0.26666666666666666,"['Unknown', 'Unknown', 'Unknown', 'Unknown', 'Unknown']"
Hybrid_RRF,setup email notification,semantic,hard,0.0410456657409668,0.0,0.0,0.0,0.0,0.0,0.0,0.0,0.0,0.0,"['Unknown', 'Unknown', 'Unknown', 'Unknown', 'Unknown']"
Hybrid_RRF,how to install printer driver,semantic,medium,0.03950667381286621,0.0,0.0,0.0,0.0,0.0,0.0,0.0,0.0,0.0,"['Unknown', 'Unknown', 'Unknown', 'Unknown', 'Unknown']"
Hybrid_RRF,wireless connection setup,semantic,medium,0.03772616386413574,0.0,0.0,0.0,0.0,0.0,0.0,0.0,0.0,0.0,"['Unknown', 'Unknown', 'Unknown', 'Unknown', 'Unknown']"
Hybrid_RRF,maintenance schedule,keyword,medium,0.037601470947265625,0.48522855511632257,0.48522855511632257,1.0,0.4,0.4,0.4,0.2,0.4000000000000001,0.26666666666666666,"['Unknown', 'Unknown', 'Unknown', 'Unknown', 'Unknown']"
Hybrid_RRF,troubleshoot print quality,semantic,hard,0.03997945785522461,0.7227265726449519,0.7227265726449519,1.0,0.6,0.6,0.6,0.3,0.6,0.4,"['Unknown', 'Unknown', 'Unknown', 'Unknown', 'Unknown']"
Hybrid_RRF,energy saving mode,keyword,easy,0.041365861892700195,0.16958010263680806,0.16958010263680806,0.3333333333333333,0.2,0.2,0.2,0.1,0.20000000000000004,0.13333333333333333,"['Unknown', 'Unknown', 'Unknown', 'Unknown', 'Unknown']"
Hybrid_RRF,how to scan multiple pages,semantic,medium,0.039838314056396484,0.16958010263680806,0.16958010263680806,0.3333333333333333,0.2,0.2,0.2,0.1,0.20000000000000004,0.13333333333333333,"['Unknown', 'Unknown', 'Unknown', 'Unknown', 'Unknown']"
Hybrid_RRF,change paper size,keyword,easy,0.040357351303100586,0.3391602052736161,0.45221360703148816,1.0,0.2,0.4,0.2,0.2,0.20000000000000004,0.26666666666666666,"['Unknown', 'Unknown', 'Unknown', 'Unknown', 'Unknown']"
Hybrid_RRF,set up scan to network folder,semantic,hard,0.04357481002807617,0.0,0.0,0.0,0.0,0.0,0.0,0.0,0.0,0.0,"['Unknown', 'Unknown', 'Unknown', 'Unknown', 'Unknown']"
Hybrid_RRF,firmware upgrade instructions,semantic,medium,0.04081988334655762,0.0,0.0,0.0,0.0,0.0,0.0,0.0,0.0,0.0,"['Unknown', 'Unknown', 'Unknown', 'Unknown', 'Unknown']"
Hybrid_RRF,default settings,keyword,easy,0.03075098991394043,0.0,0.10699313236726378,0.125,0.0,0.2,0.0,0.1,0.0,0.13333333333333333,"['Unknown', 'Unknown', 'Unknown', 'Unknown', 'Unknown']"
Hybrid_RRF,how to use automatic document feeder,semantic,medium,0.029986143112182617,0.6992148198508501,0.6992148198508501,1.0,0.6,0.6,0.6,0.3,0.6,0.4,"['Unknown', 'Unknown', 'Unknown', 'Unknown', 'Unknown']"
Hybrid_RRF,adjust print density,semantic,medium,0.02988123893737793,0.0,0.0,0.0,0.0,0.0,0.0,0.0,0.0,0.0,"['Unknown', 'Unknown', 'Unknown', 'Unknown', 'Unknown']"
Hybrid_RRF,cancel print job,keyword,easy,0.026654958724975586,0.0,0.10209739512291163,0.1111111111111111,0.0,0.2,0.0,0.1,0.0,0.13333333333333333,"['Unknown', 'Unknown', 'Unknown', 'Unknown', 'Unknown']"
Hybrid_RRF,network troubleshooting guide,semantic,hard,0.027289628982543945,0.0,0.0,0.0,0.0,0.0,0.0,0.0,0.0,0.0,"['Unknown', 'Unknown', 'Unknown', 'Unknown', 'Unknown']"
Hybrid_RRF,recommended paper types,keyword,easy,0.02940082550048828,0.21398626473452756,0.32097939710179135,0.5,0.2,0.4,0.2,0.2,0.20000000000000004,0.26666666666666666,"['Unknown', 'Unknown', 'Unknown', 'Unknown', 'Unknown']"
Hybrid_CrossEncoder_L6,how to reset the device,semantic,easy,14.703555822372437,0.0,0.0,0.0,0.0,0.0,0.0,0.0,0.0,0.0,"['Unknown', 'Unknown', 'Unknown', 'Unknown', 'Unknown']"
Hybrid_CrossEncoder_L6,scan to email,keyword,easy,1.4619784355163574,0.0,0.11305340175787204,0.14285714285714285,0.0,0.2,0.0,0.1,0.0,0.13333333333333333,"['Unknown', 'Unknown', 'Unknown', 'Unknown', 'Unknown']"
Hybrid_CrossEncoder_L6,print from mobile phone,semantic,medium,1.645754098892212,0.48522855511632257,0.48522855511632257,1.0,0.4,0.4,0.4,0.2,0.4000000000000001,0.26666666666666666,"['Unknown', 'Unknown', 'Unknown', 'Unknown', 'Unknown']"
Hybrid_CrossEncoder_L6,connect printer to wifi network,semantic,medium,1.5500948429107666,0.8539316501572937,0.8539316501572937,1.0,0.8,0.8,0.8,0.4,0.8000000000000002,0.5333333333333333,"['Unknown', 'Unknown', 'Unknown', 'Unknown', 'Unknown']"
Hybrid_CrossEncoder_L6,replace toner cartridge,keyword,easy,1.6845026016235352,0.5531464700081437,0.7622369974983191,1.0,0.4,0.8,0.4,0.4,0.4000000000000001,0.5333333333333333,"['Unknown', 'Unknown', 'Unknown', 'Unknown', 'Unknown']"
Hybrid_CrossEncoder_L6,clean the printhead,semantic,medium,1.6727242469787598,0.3391602052736161,0.7821154372211577,1.0,0.2,1.0,0.2,0.5,0.20000000000000004,0.6666666666666666,"['Unknown', 'Unknown', 'Unknown', 'Unknown', 'Unknown']"
Hybrid_CrossEncoder_L6,paper jam solution,keyword,easy,1.4363000392913818,0.8539316501572937,0.9609247825245575,1.0,0.8,1.0,0.8,0.5,0.8000000000000002,0.6666666666666666,"['Unknown', 'Unknown', 'Unknown', 'Unknown', 'Unknown']"
Hybrid_CrossEncoder_L6,send fax to multiple recipients,semantic,hard,1.7258257865905762,0.6548086577531307,0.7528479435844877,1.0,0.6,0.8,0.6,0.4,0.6,0.5333333333333333,"['Unknown', 'Unknown', 'Unknown', 'Unknown', 'Unknown']"
Hybrid_CrossEncoder_L6,factory reset printer,semantic,medium,1.8997817039489746,0.21398626473452756,0.21398626473452756,0.5,0.2,0.2,0.2,0.1,0.20000000000000004,0.13333333333333333,"['Unknown', 'Unknown', 'Unknown', 'Unknown', 'Unknown']"
Hybrid_CrossEncoder_L6,software update for printer,semantic,medium,1.7506742477416992,0.7227265726449519,0.7227265726449519,1.0,0.6,0.6,0.6,0.3,0.6,0.4,"['Unknown', 'Unknown', 'Unknown', 'Unknown', 'Unknown']"
Hybrid_CrossEncoder_L6,configure network settings,semantic,hard,1.6459081172943115,0.16958010263680806,0.4994819328264776,0.3333333333333333,0.2,0.8,0.2,0.4,0.20000000000000004,0.5333333333333333,"['Unknown', 'Unknown', 'Unknown', 'Unknown', 'Unknown']"
Hybrid_CrossEncoder_L6,check ink level,keyword,easy,1.7285888195037842,0.3391602052736161,0.45221360703148816,1.0,0.2,0.4,0.2,0.2,0.20000000000000004,0.26666666666666666,"['Unknown', 'Unknown', 'Unknown', 'Unknown', 'Unknown']"
Hybrid_CrossEncoder_L6,duplex printing setup,semantic,medium,1.9883341789245605,0.0,0.0,0.0,0.0,0.0,0.0,0.0,0.0,0.0,"['Unknown', 'Unknown', 'Unknown', 'Unknown', 'Unknown']"
Hybrid_CrossEncoder_L6,scan document to USB drive,semantic,medium,1.6006731986999512,0.3391602052736161,0.3391602052736161,1.0,0.2,0.2,0.2,0.1,0.20000000000000004,0.13333333333333333,"['Unknown', 'Unknown', 'Unknown', 'Unknown', 'Unknown']"
Hybrid_CrossEncoder_L6,setup email notification,semantic,hard,1.9892852306365967,0.3391602052736161,0.3391602052736161,1.0,0.2,0.2,0.2,0.1,0.20000000000000004,0.13333333333333333,"['Unknown', 'Unknown', 'Unknown', 'Unknown', 'Unknown']"
Hybrid_CrossEncoder_L6,how to install printer driver,semantic,medium,1.941101312637329,0.0,0.0,0.0,0.0,0.0,0.0,0.0,0.0,0.0,"['Unknown', 'Unknown', 'Unknown', 'Unknown', 'Unknown']"
Hybrid_CrossEncoder_L6,wireless connection setup,semantic,medium,1.761429786682129,0.0,0.0,0.0,0.0,0.0,0.0,0.0,0.0,0.0,"['Unknown', 'Unknown', 'Unknown', 'Unknown', 'Unknown']"
Hybrid_CrossEncoder_L6,maintenance schedule,keyword,medium,2.249083995819092,0.14606834984270645,0.14606834984270645,0.25,0.2,0.2,0.2,0.1,0.20000000000000004,0.13333333333333333,"['Unknown', 'Unknown', 'Unknown', 'Unknown', 'Unknown']"
Hybrid_CrossEncoder_L6,troubleshoot print quality,semantic,hard,1.6083879470825195,0.5087403079104241,0.6295516106099184,1.0,0.4,0.6,0.4,0.3,0.4000000000000001,0.4,"['Unknown', 'Unknown', 'Unknown', 'Unknown', 'Unknown']"
Hybrid_CrossEncoder_L6,energy saving mode,keyword,easy,1.8733134269714355,0.21398626473452756,0.31608365985743925,0.5,0.2,0.4,0.2,0.2,0.20000000000000004,0.26666666666666666,"['Unknown', 'Unknown', 'Unknown', 'Unknown', 'Unknown']"
Hybrid_CrossEncoder_L6,how to scan multiple pages,semantic,medium,1.5201992988586426,0.14606834984270645,0.14606834984270645,0.25,0.2,0.2,0.2,0.1,0.20000000000000004,0.13333333333333333,"['Unknown', 'Unknown', 'Unknown', 'Unknown', 'Unknown']"
Hybrid_CrossEncoder_L6,change paper size,keyword,easy,1.5059151649475098,0.4703652827859579,0.4703652827859579,1.0,0.4,0.4,0.4,0.2,0.4000000000000001,0.26666666666666666,"['Unknown', 'Unknown', 'Unknown', 'Unknown', 'Unknown']"
Hybrid_CrossEncoder_L6,set up scan to network folder,semantic,hard,1.6830554008483887,0.0,0.0,0.0,0.0,0.0,0.0,0.0,0.0,0.0,"['Unknown', 'Unknown', 'Unknown', 'Unknown', 'Unknown']"
Hybrid_CrossEncoder_L6,firmware upgrade instructions,semantic,medium,2.0719001293182373,0.0,0.0,0.0,0.0,0.0,0.0,0.0,0.0,0.0,"['Unknown', 'Unknown', 'Unknown', 'Unknown', 'Unknown']"
Hybrid_CrossEncoder_L6,default settings,keyword,easy,1.529127597808838,0.3391602052736161,0.3391602052736161,1.0,0.2,0.2,0.2,0.1,0.20000000000000004,0.13333333333333333,"['Unknown', 'Unknown', 'Unknown', 'Unknown', 'Unknown']"
Hybrid_CrossEncoder_L6,how to use automatic document feeder,semantic,medium,1.8491339683532715,0.6992148198508501,0.6992148198508501,1.0,0.6,0.6,0.6,0.3,0.6,0.4,"['Unknown', 'Unknown', 'Unknown', 'Unknown', 'Unknown']"
Hybrid_CrossEncoder_L6,adjust print density,semantic,medium,2.1077897548675537,0.0,0.0,0.0,0.0,0.0,0.0,0.0,0.0,0.0,"['Unknown', 'Unknown', 'Unknown', 'Unknown', 'Unknown']"
Hybrid_CrossEncoder_L6,cancel print job,keyword,easy,1.749302625656128,0.0,0.09803928583135704,0.1,0.0,0.2,0.0,0.1,0.0,0.13333333333333333,"['Unknown', 'Unknown', 'Unknown', 'Unknown', 'Unknown']"
Hybrid_CrossEncoder_L6,network troubleshooting guide,semantic,hard,1.9572312831878662,0.16958010263680806,0.16958010263680806,0.3333333333333333,0.2,0.2,0.2,0.1,0.20000000000000004,0.13333333333333333,"['Unknown', 'Unknown', 'Unknown', 'Unknown', 'Unknown']"
Hybrid_CrossEncoder_L6,recommended paper types,keyword,easy,1.5470263957977295,0.3391602052736161,0.3391602052736161,1.0,0.2,0.2,0.2,0.1,0.20000000000000004,0.13333333333333333,"['Unknown', 'Unknown', 'Unknown', 'Unknown', 'Unknown']"
Hybrid_CrossEncoder_L12,how to reset the device,semantic,easy,20.984245777130127,0.0,0.0,0.0,0.0,0.0,0.0,0.0,0.0,0.0,"['Unknown', 'Unknown', 'Unknown', 'Unknown', 'Unknown']"
Hybrid_CrossEncoder_L12,scan to email,keyword,easy,6.495142221450806,0.13120507751234178,0.13120507751234178,0.2,0.2,0.2,0.2,0.1,0.20000000000000004,0.13333333333333333,"['Unknown', 'Unknown', 'Unknown', 'Unknown', 'Unknown']"
Hybrid_CrossEncoder_L12,print from mobile phone,semantic,medium,11.832006454467773,0.5531464700081437,0.5531464700081437,1.0,0.4,0.4,0.4,0.2,0.4000000000000001,0.26666666666666666,"['Unknown', 'Unknown', 'Unknown', 'Unknown', 'Unknown']"
Hybrid_CrossEncoder_L12,connect printer to wifi network,semantic,medium,9.688727378845215,0.6992148198508501,0.8200261225503443,1.0,0.6,0.8,0.6,0.4,0.6,0.5333333333333333,"['Unknown', 'Unknown', 'Unknown', 'Unknown', 'Unknown']"
Hybrid_CrossEncoder_L12,replace toner cartridge,keyword,easy,9.143047332763672,0.48522855511632257,0.5922216874835863,1.0,0.4,0.6,0.4,0.3,0.4000000000000001,0.4,"['Unknown', 'Unknown', 'Unknown', 'Unknown', 'Unknown']"
Hybrid_CrossEncoder_L12,clean the printhead,semantic,medium,11.878493309020996,0.34519134224686937,0.6673352714949169,0.5,0.4,1.0,0.4,0.5,0.4000000000000001,0.6666666666666666,"['Unknown', 'Unknown', 'Unknown', 'Unknown', 'Unknown']"
Hybrid_CrossEncoder_L12,paper jam solution,keyword,easy,9.015392065048218,0.830419897363192,0.9374130297304558,1.0,0.8,1.0,0.8,0.5,0.8000000000000002,0.6666666666666666,"['Unknown', 'Unknown', 'Unknown', 'Unknown', 'Unknown']"
Hybrid_CrossEncoder_L12,send fax to multiple recipients,semantic,hard,11.15589165687561,0.639945385422766,0.639945385422766,1.0,0.6,0.6,0.6,0.3,0.6,0.4,"['Unknown', 'Unknown', 'Unknown', 'Unknown', 'Unknown']"
Hybrid_CrossEncoder_L12,factory reset printer,semantic,medium,10.237942695617676,0.21398626473452756,0.31608365985743925,0.5,0.2,0.4,0.2,0.2,0.20000000000000004,0.26666666666666666,"['Unknown', 'Unknown', 'Unknown', 'Unknown', 'Unknown']"
Hybrid_CrossEncoder_L12,software update for printer,semantic,medium,11.610601425170898,0.7227265726449519,0.7227265726449519,1.0,0.6,0.6,0.6,0.3,0.6,0.4,"['Unknown', 'Unknown', 'Unknown', 'Unknown', 'Unknown']"
Hybrid_CrossEncoder_L12,configure network settings,semantic,hard,7.730720281600952,0.27727342735504823,0.49242422423583193,0.25,0.4,0.8,0.4,0.4,0.4000000000000001,0.5333333333333333,"['Unknown', 'Unknown', 'Unknown', 'Unknown', 'Unknown']"
Hybrid_CrossEncoder_L12,check ink level,keyword,easy,11.494759321212769,0.3391602052736161,0.45221360703148816,1.0,0.2,0.4,0.2,0.2,0.20000000000000004,0.26666666666666666,"['Unknown', 'Unknown', 'Unknown', 'Unknown', 'Unknown']"
Hybrid_CrossEncoder_L12,duplex printing setup,semantic,medium,11.23936414718628,0.0,0.11305340175787204,0.14285714285714285,0.0,0.2,0.0,0.1,0.0,0.13333333333333333,"['Unknown', 'Unknown', 'Unknown', 'Unknown', 'Unknown']"
Hybrid_CrossEncoder_L12,scan document to USB drive,semantic,medium,9.10796308517456,0.3391602052736161,0.3391602052736161,1.0,0.2,0.2,0.2,0.1,0.20000000000000004,0.13333333333333333,"['Unknown', 'Unknown', 'Unknown', 'Unknown', 'Unknown']"
Hybrid_CrossEncoder_L12,setup email notification,semantic,hard,11.383159875869751,0.3391602052736161,0.3391602052736161,1.0,0.2,0.2,0.2,0.1,0.20000000000000004,0.13333333333333333,"['Unknown', 'Unknown', 'Unknown', 'Unknown', 'Unknown']"
Hybrid_CrossEncoder_L12,how to install printer driver,semantic,medium,14.122633934020996,0.0,0.0,0.0,0.0,0.0,0.0,0.0,0.0,0.0,"['Unknown', 'Unknown', 'Unknown', 'Unknown', 'Unknown']"
Hybrid_CrossEncoder_L12,wireless connection setup,semantic,medium,10.950583219528198,0.14606834984270645,0.14606834984270645,0.25,0.2,0.2,0.2,0.1,0.20000000000000004,0.13333333333333333,"['Unknown', 'Unknown', 'Unknown', 'Unknown', 'Unknown']"
Hybrid_CrossEncoder_L12,maintenance schedule,keyword,medium,17.940763235092163,0.16958010263680806,0.16958010263680806,0.3333333333333333,0.2,0.2,0.2,0.1,0.20000000000000004,0.13333333333333333,"['Unknown', 'Unknown', 'Unknown', 'Unknown', 'Unknown']"
Hybrid_CrossEncoder_L12,troubleshoot print quality,semantic,hard,9.012748718261719,0.48522855511632257,0.5873259502392343,1.0,0.4,0.6,0.4,0.3,0.4000000000000001,0.4,"['Unknown', 'Unknown', 'Unknown', 'Unknown', 'Unknown']"
Hybrid_CrossEncoder_L12,energy saving mode,keyword,easy,11.110327959060669,0.3391602052736161,0.4412576003965278,1.0,0.2,0.4,0.2,0.2,0.20000000000000004,0.26666666666666666,"['Unknown', 'Unknown', 'Unknown', 'Unknown', 'Unknown']"
Hybrid_CrossEncoder_L12,how to scan multiple pages,semantic,medium,13.644821882247925,0.0,0.1208113026994942,0.16666666666666666,0.0,0.2,0.0,0.1,0.0,0.13333333333333333,"['Unknown', 'Unknown', 'Unknown', 'Unknown', 'Unknown']"
Hybrid_CrossEncoder_L12,change paper size,keyword,easy,10.646246433258057,0.4703652827859579,0.4703652827859579,1.0,0.4,0.4,0.4,0.2,0.4000000000000001,0.26666666666666666,"['Unknown', 'Unknown', 'Unknown', 'Unknown', 'Unknown']"
Hybrid_CrossEncoder_L12,set up scan to network folder,semantic,hard,6.076416969299316,0.0,0.0,0.0,0.0,0.0,0.0,0.0,0.0,0.0,"['Unknown', 'Unknown', 'Unknown', 'Unknown', 'Unknown']"
Hybrid_CrossEncoder_L12,firmware upgrade instructions,semantic,medium,11.693140029907227,0.0,0.0,0.0,0.0,0.0,0.0,0.0,0.0,0.0,"['Unknown', 'Unknown', 'Unknown', 'Unknown', 'Unknown']"
Hybrid_CrossEncoder_L12,default settings,keyword,easy,9.957689762115479,0.3391602052736161,0.3391602052736161,1.0,0.2,0.2,0.2,0.1,0.20000000000000004,0.13333333333333333,"['Unknown', 'Unknown', 'Unknown', 'Unknown', 'Unknown']"
Hybrid_CrossEncoder_L12,how to use automatic document feeder,semantic,medium,12.158903360366821,0.6992148198508501,0.6992148198508501,1.0,0.6,0.6,0.6,0.3,0.6,0.4,"['Unknown', 'Unknown', 'Unknown', 'Unknown', 'Unknown']"
Hybrid_CrossEncoder_L12,adjust print density,semantic,medium,12.657889127731323,0.0,0.0,0.0,0.0,0.0,0.0,0.0,0.0,0.0,"['Unknown', 'Unknown', 'Unknown', 'Unknown', 'Unknown']"
Hybrid_CrossEncoder_L12,cancel print job,keyword,easy,19.679152011871338,0.0,0.11305340175787204,0.14285714285714285,0.0,0.2,0.0,0.1,0.0,0.13333333333333333,"['Unknown', 'Unknown', 'Unknown', 'Unknown', 'Unknown']"
Hybrid_CrossEncoder_L12,network troubleshooting guide,semantic,hard,7.483491897583008,0.16958010263680806,0.16958010263680806,0.3333333333333333,0.2,0.2,0.2,0.1,0.20000000000000004,0.13333333333333333,"['Unknown', 'Unknown', 'Unknown', 'Unknown', 'Unknown']"
Hybrid_CrossEncoder_L12,recommended paper types,keyword,easy,8.894765615463257,0.3391602052736161,0.4371994911049732,1.0,0.2,0.4,0.2,0.2,0.20000000000000004,0.26666666666666666,"['Unknown', 'Unknown', 'Unknown', 'Unknown', 'Unknown']"
